#;SeasonStart;PlayerName;PlayerSalary;Pos;Age;Tm;FG%;PTS
;;Jugador 0;;;;;100;0
;;Jugador 1;;;;;100;1
;;Jugador 2;;;;;100;2
;;Jugador 3;;;;;100;3
;;Jugador 4;;;;;100;4
;;Jugador 5;;;;;100;5
;;Jugador 6;;;;;100;6
;;Jugador 7;;;;;100;7
;;Jugador 8;;;;;100;8
;;Jugador 9;;;;;100;9
;;Jugador 10;;;;;100;10
;;Jugador 11;;;;;100;11
;;Jugador 12;;;;;100;12
;;Jugador 13;;;;;100;13
;;Jugador 14;;;;;100;14
;;Jugador 15;;;;;100;15
;;Jugador 16;;;;;100;16
;;Jugador 17;;;;;100;17
;;Jugador 18;;;;;100;18
;;Jugador 19;;;;;100;19
;;Jugador 20;;;;;100;20
;;Jugador 21;;;;;100;21
;;Jugador 22;;;;;100;22
;;Jugador 23;;;;;100;23
;;Jugador 24;;;;;100;24
;;Jugador 25;;;;;100;25
;;Jugador 26;;;;;100;26
;;Jugador 27;;;;;100;27
;;Jugador 28;;;;;100;28
;;Jugador 29;;;;;100;29
;;Jugador 30;;;;;100;30
;;Jugador 31;;;;;100;31
;;Jugador 32;;;;;100;32
;;Jugador 33;;;;;100;33
;;Jugador 34;;;;;100;34
;;Jugador 35;;;;;100;35
;;Jugador 36;;;;;100;36
;;Jugador 37;;;;;100;37
;;Jugador 38;;;;;100;38
;;Jugador 39;;;;;100;39
;;Jugador 40;;;;;100;40
;;Jugador 41;;;;;100;41
;;Jugador 42;;;;;100;42
;;Jugador 43;;;;;100;43
;;Jugador 44;;;;;100;44
;;Jugador 45;;;;;100;45
;;Jugador 46;;;;;100;46
;;Jugador 47;;;;;100;47
;;Jugador 48;;;;;100;48
;;Jugador 49;;;;;100;49
;;Jugador 50;;;;;100;50
;;Jugador 51;;;;;100;51
;;Jugador 52;;;;;100;52
;;Jugador 53;;;;;100;53
;;Jugador 54;;;;;100;54
;;Jugador 55;;;;;100;55
;;Jugador 56;;;;;100;56
;;Jugador 57;;;;;100;57
;;Jugador 58;;;;;100;58
;;Jugador 59;;;;;100;59
;;Jugador 60;;;;;100;60
;;Jugador 61;;;;;100;61
;;Jugador 62;;;;;100;62
;;Jugador 63;;;;;100;63
;;Jugador 64;;;;;100;64
;;Jugador 65;;;;;100;65
;;Jugador 66;;;;;100;66
;;Jugador 67;;;;;100;67
;;Jugador 68;;;;;100;68
;;Jugador 69;;;;;100;69
;;Jugador 70;;;;;100;70
;;Jugador 71;;;;;100;71
;;Jugador 72;;;;;100;72
;;Jugador 73;;;;;100;73
;;Jugador 74;;;;;100;74
;;Jugador 75;;;;;100;75
;;Jugador 76;;;;;100;76
;;Jugador 77;;;;;100;77
;;Jugador 78;;;;;100;78
;;Jugador 79;;;;;100;79
;;Jugador 80;;;;;100;80
;;Jugador 81;;;;;100;81
;;Jugador 82;;;;;100;82
;;Jugador 83;;;;;100;83
;;Jugador 84;;;;;100;84
;;Jugador 85;;;;;100;85
;;Jugador 86;;;;;100;86
;;Jugador 87;;;;;100;87
;;Jugador 88;;;;;100;88
;;Jugador 89;;;;;100;89
;;Jugador 90;;;;;100;90
;;Jugador 91;;;;;100;91
;;Jugador 92;;;;;100;92
;;Jugador 93;;;;;100;93
;;Jugador 94;;;;;100;94
;;Jugador 95;;;;;100;95
;;Jugador 96;;;;;100;96
;;Jugador 97;;;;;100;97
;;Jugador 98;;;;;100;98
;;Jugador 99;;;;;100;99
;;Jugador 100;;;;;100;100
;;Jugador 101;;;;;100;101
;;Jugador 102;;;;;100;102
;;Jugador 103;;;;;100;103
;;Jugador 104;;;;;100;104
;;Jugador 105;;;;;100;105
;;Jugador 106;;;;;100;106
;;Jugador 107;;;;;100;107
;;Jugador 108;;;;;100;108
;;Jugador 109;;;;;100;109
;;Jugador 110;;;;;100;110
;;Jugador 111;;;;;100;111
;;Jugador 112;;;;;100;112
;;Jugador 113;;;;;100;113
;;Jugador 114;;;;;100;114
;;Jugador 115;;;;;100;115
;;Jugador 116;;;;;100;116
;;Jugador 117;;;;;100;117
;;Jugador 118;;;;;100;118
;;Jugador 119;;;;;100;119
;;Jugador 120;;;;;100;120
;;Jugador 121;;;;;100;121
;;Jugador 122;;;;;100;122
;;Jugador 123;;;;;100;123
;;Jugador 124;;;;;100;124
;;Jugador 125;;;;;100;125
;;Jugador 126;;;;;100;126
;;Jugador 127;;;;;100;127
;;Jugador 128;;;;;100;128
;;Jugador 129;;;;;100;129
;;Jugador 130;;;;;100;130
;;Jugador 131;;;;;100;131
;;Jugador 132;;;;;100;132
;;Jugador 133;;;;;100;133
;;Jugador 134;;;;;100;134
;;Jugador 135;;;;;100;135
;;Jugador 136;;;;;100;136
;;Jugador 137;;;;;100;137
;;Jugador 138;;;;;100;138
;;Jugador 139;;;;;100;139
;;Jugador 140;;;;;100;140
;;Jugador 141;;;;;100;141
;;Jugador 142;;;;;100;142
;;Jugador 143;;;;;100;143
;;Jugador 144;;;;;100;144
;;Jugador 145;;;;;100;145
;;Jugador 146;;;;;100;146
;;Jugador 147;;;;;100;147
;;Jugador 148;;;;;100;148
;;Jugador 149;;;;;100;149
;;Jugador 150;;;;;100;150
;;Jugador 151;;;;;100;151
;;Jugador 152;;;;;100;152
;;Jugador 153;;;;;100;153
;;Jugador 154;;;;;100;154
;;Jugador 155;;;;;100;155
;;Jugador 156;;;;;100;156
;;Jugador 157;;;;;100;157
;;Jugador 158;;;;;100;158
;;Jugador 159;;;;;100;159
;;Jugador 160;;;;;100;160
;;Jugador 161;;;;;100;161
;;Jugador 162;;;;;100;162
;;Jugador 163;;;;;100;163
;;Jugador 164;;;;;100;164
;;Jugador 165;;;;;100;165
;;Jugador 166;;;;;100;166
;;Jugador 167;;;;;100;167
;;Jugador 168;;;;;100;168
;;Jugador 169;;;;;100;169
;;Jugador 170;;;;;100;170
;;Jugador 171;;;;;100;171
;;Jugador 172;;;;;100;172
;;Jugador 173;;;;;100;173
;;Jugador 174;;;;;100;174
;;Jugador 175;;;;;100;175
;;Jugador 176;;;;;100;176
;;Jugador 177;;;;;100;177
;;Jugador 178;;;;;100;178
;;Jugador 179;;;;;100;179
;;Jugador 180;;;;;100;180
;;Jugador 181;;;;;100;181
;;Jugador 182;;;;;100;182
;;Jugador 183;;;;;100;183
;;Jugador 184;;;;;100;184
;;Jugador 185;;;;;100;185
;;Jugador 186;;;;;100;186
;;Jugador 187;;;;;100;187
;;Jugador 188;;;;;100;188
;;Jugador 189;;;;;100;189
;;Jugador 190;;;;;100;190
;;Jugador 191;;;;;100;191
;;Jugador 192;;;;;100;192
;;Jugador 193;;;;;100;193
;;Jugador 194;;;;;100;194
;;Jugador 195;;;;;100;195
;;Jugador 196;;;;;100;196
;;Jugador 197;;;;;100;197
;;Jugador 198;;;;;100;198
;;Jugador 199;;;;;100;199
;;Jugador 200;;;;;100;200
;;Jugador 201;;;;;100;201
;;Jugador 202;;;;;100;202
;;Jugador 203;;;;;100;203
;;Jugador 204;;;;;100;204
;;Jugador 205;;;;;100;205
;;Jugador 206;;;;;100;206
;;Jugador 207;;;;;100;207
;;Jugador 208;;;;;100;208
;;Jugador 209;;;;;100;209
;;Jugador 210;;;;;100;210
;;Jugador 211;;;;;100;211
;;Jugador 212;;;;;100;212
;;Jugador 213;;;;;100;213
;;Jugador 214;;;;;100;214
;;Jugador 215;;;;;100;215
;;Jugador 216;;;;;100;216
;;Jugador 217;;;;;100;217
;;Jugador 218;;;;;100;218
;;Jugador 219;;;;;100;219
;;Jugador 220;;;;;100;220
;;Jugador 221;;;;;100;221
;;Jugador 222;;;;;100;222
;;Jugador 223;;;;;100;223
;;Jugador 224;;;;;100;224
;;Jugador 225;;;;;100;225
;;Jugador 226;;;;;100;226
;;Jugador 227;;;;;100;227
;;Jugador 228;;;;;100;228
;;Jugador 229;;;;;100;229
;;Jugador 230;;;;;100;230
;;Jugador 231;;;;;100;231
;;Jugador 232;;;;;100;232
;;Jugador 233;;;;;100;233
;;Jugador 234;;;;;100;234
;;Jugador 235;;;;;100;235
;;Jugador 236;;;;;100;236
;;Jugador 237;;;;;100;237
;;Jugador 238;;;;;100;238
;;Jugador 239;;;;;100;239
;;Jugador 240;;;;;100;240
;;Jugador 241;;;;;100;241
;;Jugador 242;;;;;100;242
;;Jugador 243;;;;;100;243
;;Jugador 244;;;;;100;244
;;Jugador 245;;;;;100;245
;;Jugador 246;;;;;100;246
;;Jugador 247;;;;;100;247
;;Jugador 248;;;;;100;248
;;Jugador 249;;;;;100;249
;;Jugador 250;;;;;100;250
;;Jugador 251;;;;;100;251
;;Jugador 252;;;;;100;252
;;Jugador 253;;;;;100;253
;;Jugador 254;;;;;100;254
;;Jugador 255;;;;;100;255
;;Jugador 256;;;;;100;256
;;Jugador 257;;;;;100;257
;;Jugador 258;;;;;100;258
;;Jugador 259;;;;;100;259
;;Jugador 260;;;;;100;260
;;Jugador 261;;;;;100;261
;;Jugador 262;;;;;100;262
;;Jugador 263;;;;;100;263
;;Jugador 264;;;;;100;264
;;Jugador 265;;;;;100;265
;;Jugador 266;;;;;100;266
;;Jugador 267;;;;;100;267
;;Jugador 268;;;;;100;268
;;Jugador 269;;;;;100;269
;;Jugador 270;;;;;100;270
;;Jugador 271;;;;;100;271
;;Jugador 272;;;;;100;272
;;Jugador 273;;;;;100;273
;;Jugador 274;;;;;100;274
;;Jugador 275;;;;;100;275
;;Jugador 276;;;;;100;276
;;Jugador 277;;;;;100;277
;;Jugador 278;;;;;100;278
;;Jugador 279;;;;;100;279
;;Jugador 280;;;;;100;280
;;Jugador 281;;;;;100;281
;;Jugador 282;;;;;100;282
;;Jugador 283;;;;;100;283
;;Jugador 284;;;;;100;284
;;Jugador 285;;;;;100;285
;;Jugador 286;;;;;100;286
;;Jugador 287;;;;;100;287
;;Jugador 288;;;;;100;288
;;Jugador 289;;;;;100;289
;;Jugador 290;;;;;100;290
;;Jugador 291;;;;;100;291
;;Jugador 292;;;;;100;292
;;Jugador 293;;;;;100;293
;;Jugador 294;;;;;100;294
;;Jugador 295;;;;;100;295
;;Jugador 296;;;;;100;296
;;Jugador 297;;;;;100;297
;;Jugador 298;;;;;100;298
;;Jugador 299;;;;;100;299
;;Jugador 300;;;;;100;300
;;Jugador 301;;;;;100;301
;;Jugador 302;;;;;100;302
;;Jugador 303;;;;;100;303
;;Jugador 304;;;;;100;304
;;Jugador 305;;;;;100;305
;;Jugador 306;;;;;100;306
;;Jugador 307;;;;;100;307
;;Jugador 308;;;;;100;308
;;Jugador 309;;;;;100;309
;;Jugador 310;;;;;100;310
;;Jugador 311;;;;;100;311
;;Jugador 312;;;;;100;312
;;Jugador 313;;;;;100;313
;;Jugador 314;;;;;100;314
;;Jugador 315;;;;;100;315
;;Jugador 316;;;;;100;316
;;Jugador 317;;;;;100;317
;;Jugador 318;;;;;100;318
;;Jugador 319;;;;;100;319
;;Jugador 320;;;;;100;320
;;Jugador 321;;;;;100;321
;;Jugador 322;;;;;100;322
;;Jugador 323;;;;;100;323
;;Jugador 324;;;;;100;324
;;Jugador 325;;;;;100;325
;;Jugador 326;;;;;100;326
;;Jugador 327;;;;;100;327
;;Jugador 328;;;;;100;328
;;Jugador 329;;;;;100;329
;;Jugador 330;;;;;100;330
;;Jugador 331;;;;;100;331
;;Jugador 332;;;;;100;332
;;Jugador 333;;;;;100;333
;;Jugador 334;;;;;100;334
;;Jugador 335;;;;;100;335
;;Jugador 336;;;;;100;336
;;Jugador 337;;;;;100;337
;;Jugador 338;;;;;100;338
;;Jugador 339;;;;;100;339
;;Jugador 340;;;;;100;340
;;Jugador 341;;;;;100;341
;;Jugador 342;;;;;100;342
;;Jugador 343;;;;;100;343
;;Jugador 344;;;;;100;344
;;Jugador 345;;;;;100;345
;;Jugador 346;;;;;100;346
;;Jugador 347;;;;;100;347
;;Jugador 348;;;;;100;348
;;Jugador 349;;;;;100;349
;;Jugador 350;;;;;100;350
;;Jugador 351;;;;;100;351
;;Jugador 352;;;;;100;352
;;Jugador 353;;;;;100;353
;;Jugador 354;;;;;100;354
;;Jugador 355;;;;;100;355
;;Jugador 356;;;;;100;356
;;Jugador 357;;;;;100;357
;;Jugador 358;;;;;100;358
;;Jugador 359;;;;;100;359
;;Jugador 360;;;;;100;360
;;Jugador 361;;;;;100;361
;;Jugador 362;;;;;100;362
;;Jugador 363;;;;;100;363
;;Jugador 364;;;;;100;364
;;Jugador 365;;;;;100;365
;;Jugador 366;;;;;100;366
;;Jugador 367;;;;;100;367
;;Jugador 368;;;;;100;368
;;Jugador 369;;;;;100;369
;;Jugador 370;;;;;100;370
;;Jugador 371;;;;;100;371
;;Jugador 372;;;;;100;372
;;Jugador 373;;;;;100;373
;;Jugador 374;;;;;100;374
;;Jugador 375;;;;;100;375
;;Jugador 376;;;;;100;376
;;Jugador 377;;;;;100;377
;;Jugador 378;;;;;100;378
;;Jugador 379;;;;;100;379
;;Jugador 380;;;;;100;380
;;Jugador 381;;;;;100;381
;;Jugador 382;;;;;100;382
;;Jugador 383;;;;;100;383
;;Jugador 384;;;;;100;384
;;Jugador 385;;;;;100;385
;;Jugador 386;;;;;100;386
;;Jugador 387;;;;;100;387
;;Jugador 388;;;;;100;388
;;Jugador 389;;;;;100;389
;;Jugador 390;;;;;100;390
;;Jugador 391;;;;;100;391
;;Jugador 392;;;;;100;392
;;Jugador 393;;;;;100;393
;;Jugador 394;;;;;100;394
;;Jugador 395;;;;;100;395
;;Jugador 396;;;;;100;396
;;Jugador 397;;;;;100;397
;;Jugador 398;;;;;100;398
;;Jugador 399;;;;;100;399
;;Jugador 400;;;;;100;400
;;Jugador 401;;;;;100;401
;;Jugador 402;;;;;100;402
;;Jugador 403;;;;;100;403
;;Jugador 404;;;;;100;404
;;Jugador 405;;;;;100;405
;;Jugador 406;;;;;100;406
;;Jugador 407;;;;;100;407
;;Jugador 408;;;;;100;408
;;Jugador 409;;;;;100;409
;;Jugador 410;;;;;100;410
;;Jugador 411;;;;;100;411
;;Jugador 412;;;;;100;412
;;Jugador 413;;;;;100;413
;;Jugador 414;;;;;100;414
;;Jugador 415;;;;;100;415
;;Jugador 416;;;;;100;416
;;Jugador 417;;;;;100;417
;;Jugador 418;;;;;100;418
;;Jugador 419;;;;;100;419
;;Jugador 420;;;;;100;420
;;Jugador 421;;;;;100;421
;;Jugador 422;;;;;100;422
;;Jugador 423;;;;;100;423
;;Jugador 424;;;;;100;424
;;Jugador 425;;;;;100;425
;;Jugador 426;;;;;100;426
;;Jugador 427;;;;;100;427
;;Jugador 428;;;;;100;428
;;Jugador 429;;;;;100;429
;;Jugador 430;;;;;100;430
;;Jugador 431;;;;;100;431
;;Jugador 432;;;;;100;432
;;Jugador 433;;;;;100;433
;;Jugador 434;;;;;100;434
;;Jugador 435;;;;;100;435
;;Jugador 436;;;;;100;436
;;Jugador 437;;;;;100;437
;;Jugador 438;;;;;100;438
;;Jugador 439;;;;;100;439
;;Jugador 440;;;;;100;440
;;Jugador 441;;;;;100;441
;;Jugador 442;;;;;100;442
;;Jugador 443;;;;;100;443
;;Jugador 444;;;;;100;444
;;Jugador 445;;;;;100;445
;;Jugador 446;;;;;100;446
;;Jugador 447;;;;;100;447
;;Jugador 448;;;;;100;448
;;Jugador 449;;;;;100;449
;;Jugador 450;;;;;100;450
;;Jugador 451;;;;;100;451
;;Jugador 452;;;;;100;452
;;Jugador 453;;;;;100;453
;;Jugador 454;;;;;100;454
;;Jugador 455;;;;;100;455
;;Jugador 456;;;;;100;456
;;Jugador 457;;;;;100;457
;;Jugador 458;;;;;100;458
;;Jugador 459;;;;;100;459
;;Jugador 460;;;;;100;460
;;Jugador 461;;;;;100;461
;;Jugador 462;;;;;100;462
;;Jugador 463;;;;;100;463
;;Jugador 464;;;;;100;464
;;Jugador 465;;;;;100;465
;;Jugador 466;;;;;100;466
;;Jugador 467;;;;;100;467
;;Jugador 468;;;;;100;468
;;Jugador 469;;;;;100;469
;;Jugador 470;;;;;100;470
;;Jugador 471;;;;;100;471
;;Jugador 472;;;;;100;472
;;Jugador 473;;;;;100;473
;;Jugador 474;;;;;100;474
;;Jugador 475;;;;;100;475
;;Jugador 476;;;;;100;476
;;Jugador 477;;;;;100;477
;;Jugador 478;;;;;100;478
;;Jugador 479;;;;;100;479
;;Jugador 480;;;;;100;480
;;Jugador 481;;;;;100;481
;;Jugador 482;;;;;100;482
;;Jugador 483;;;;;100;483
;;Jugador 484;;;;;100;484
;;Jugador 485;;;;;100;485
;;Jugador 486;;;;;100;486
;;Jugador 487;;;;;100;487
;;Jugador 488;;;;;100;488
;;Jugador 489;;;;;100;489
;;Jugador 490;;;;;100;490
;;Jugador 491;;;;;100;491
;;Jugador 492;;;;;100;492
;;Jugador 493;;;;;100;493
;;Jugador 494;;;;;100;494
;;Jugador 495;;;;;100;495
;;Jugador 496;;;;;100;496
;;Jugador 497;;;;;100;497
;;Jugador 498;;;;;100;498
;;Jugador 499;;;;;100;499
;;Jugador 500;;;;;100;500
;;Jugador 501;;;;;100;501
;;Jugador 502;;;;;100;502
;;Jugador 503;;;;;100;503
;;Jugador 504;;;;;100;504
;;Jugador 505;;;;;100;505
;;Jugador 506;;;;;100;506
;;Jugador 507;;;;;100;507
;;Jugador 508;;;;;100;508
;;Jugador 509;;;;;100;509
;;Jugador 510;;;;;100;510
;;Jugador 511;;;;;100;511
;;Jugador 512;;;;;100;512
;;Jugador 513;;;;;100;513
;;Jugador 514;;;;;100;514
;;Jugador 515;;;;;100;515
;;Jugador 516;;;;;100;516
;;Jugador 517;;;;;100;517
;;Jugador 518;;;;;100;518
;;Jugador 519;;;;;100;519
;;Jugador 520;;;;;100;520
;;Jugador 521;;;;;100;521
;;Jugador 522;;;;;100;522
;;Jugador 523;;;;;100;523
;;Jugador 524;;;;;100;524
;;Jugador 525;;;;;100;525
;;Jugador 526;;;;;100;526
;;Jugador 527;;;;;100;527
;;Jugador 528;;;;;100;528
;;Jugador 529;;;;;100;529
;;Jugador 530;;;;;100;530
;;Jugador 531;;;;;100;531
;;Jugador 532;;;;;100;532
;;Jugador 533;;;;;100;533
;;Jugador 534;;;;;100;534
;;Jugador 535;;;;;100;535
;;Jugador 536;;;;;100;536
;;Jugador 537;;;;;100;537
;;Jugador 538;;;;;100;538
;;Jugador 539;;;;;100;539
;;Jugador 540;;;;;100;540
;;Jugador 541;;;;;100;541
;;Jugador 542;;;;;100;542
;;Jugador 543;;;;;100;543
;;Jugador 544;;;;;100;544
;;Jugador 545;;;;;100;545
;;Jugador 546;;;;;100;546
;;Jugador 547;;;;;100;547
;;Jugador 548;;;;;100;548
;;Jugador 549;;;;;100;549
;;Jugador 550;;;;;100;550
;;Jugador 551;;;;;100;551
;;Jugador 552;;;;;100;552
;;Jugador 553;;;;;100;553
;;Jugador 554;;;;;100;554
;;Jugador 555;;;;;100;555
;;Jugador 556;;;;;100;556
;;Jugador 557;;;;;100;557
;;Jugador 558;;;;;100;558
;;Jugador 559;;;;;100;559
;;Jugador 560;;;;;100;560
;;Jugador 561;;;;;100;561
;;Jugador 562;;;;;100;562
;;Jugador 563;;;;;100;563
;;Jugador 564;;;;;100;564
;;Jugador 565;;;;;100;565
;;Jugador 566;;;;;100;566
;;Jugador 567;;;;;100;567
;;Jugador 568;;;;;100;568
;;Jugador 569;;;;;100;569
;;Jugador 570;;;;;100;570
;;Jugador 571;;;;;100;571
;;Jugador 572;;;;;100;572
;;Jugador 573;;;;;100;573
;;Jugador 574;;;;;100;574
;;Jugador 575;;;;;100;575
;;Jugador 576;;;;;100;576
;;Jugador 577;;;;;100;577
;;Jugador 578;;;;;100;578
;;Jugador 579;;;;;100;579
;;Jugador 580;;;;;100;580
;;Jugador 581;;;;;100;581
;;Jugador 582;;;;;100;582
;;Jugador 583;;;;;100;583
;;Jugador 584;;;;;100;584
;;Jugador 585;;;;;100;585
;;Jugador 586;;;;;100;586
;;Jugador 587;;;;;100;587
;;Jugador 588;;;;;100;588
;;Jugador 589;;;;;100;589
;;Jugador 590;;;;;100;590
;;Jugador 591;;;;;100;591
;;Jugador 592;;;;;100;592
;;Jugador 593;;;;;100;593
;;Jugador 594;;;;;100;594
;;Jugador 595;;;;;100;595
;;Jugador 596;;;;;100;596
;;Jugador 597;;;;;100;597
;;Jugador 598;;;;;100;598
;;Jugador 599;;;;;100;599
;;Jugador 600;;;;;100;600
;;Jugador 601;;;;;100;601
;;Jugador 602;;;;;100;602
;;Jugador 603;;;;;100;603
;;Jugador 604;;;;;100;604
;;Jugador 605;;;;;100;605
;;Jugador 606;;;;;100;606
;;Jugador 607;;;;;100;607
;;Jugador 608;;;;;100;608
;;Jugador 609;;;;;100;609
;;Jugador 610;;;;;100;610
;;Jugador 611;;;;;100;611
;;Jugador 612;;;;;100;612
;;Jugador 613;;;;;100;613
;;Jugador 614;;;;;100;614
;;Jugador 615;;;;;100;615
;;Jugador 616;;;;;100;616
;;Jugador 617;;;;;100;617
;;Jugador 618;;;;;100;618
;;Jugador 619;;;;;100;619
;;Jugador 620;;;;;100;620
;;Jugador 621;;;;;100;621
;;Jugador 622;;;;;100;622
;;Jugador 623;;;;;100;623
;;Jugador 624;;;;;100;624
;;Jugador 625;;;;;100;625
;;Jugador 626;;;;;100;626
;;Jugador 627;;;;;100;627
;;Jugador 628;;;;;100;628
;;Jugador 629;;;;;100;629
;;Jugador 630;;;;;100;630
;;Jugador 631;;;;;100;631
;;Jugador 632;;;;;100;632
;;Jugador 633;;;;;100;633
;;Jugador 634;;;;;100;634
;;Jugador 635;;;;;100;635
;;Jugador 636;;;;;100;636
;;Jugador 637;;;;;100;637
;;Jugador 638;;;;;100;638
;;Jugador 639;;;;;100;639
;;Jugador 640;;;;;100;640
;;Jugador 641;;;;;100;641
;;Jugador 642;;;;;100;642
;;Jugador 643;;;;;100;643
;;Jugador 644;;;;;100;644
;;Jugador 645;;;;;100;645
;;Jugador 646;;;;;100;646
;;Jugador 647;;;;;100;647
;;Jugador 648;;;;;100;648
;;Jugador 649;;;;;100;649
;;Jugador 650;;;;;100;650
;;Jugador 651;;;;;100;651
;;Jugador 652;;;;;100;652
;;Jugador 653;;;;;100;653
;;Jugador 654;;;;;100;654
;;Jugador 655;;;;;100;655
;;Jugador 656;;;;;100;656
;;Jugador 657;;;;;100;657
;;Jugador 658;;;;;100;658
;;Jugador 659;;;;;100;659
;;Jugador 660;;;;;100;660
;;Jugador 661;;;;;100;661
;;Jugador 662;;;;;100;662
;;Jugador 663;;;;;100;663
;;Jugador 664;;;;;100;664
;;Jugador 665;;;;;100;665
;;Jugador 666;;;;;100;666
;;Jugador 667;;;;;100;667
;;Jugador 668;;;;;100;668
;;Jugador 669;;;;;100;669
;;Jugador 670;;;;;100;670
;;Jugador 671;;;;;100;671
;;Jugador 672;;;;;100;672
;;Jugador 673;;;;;100;673
;;Jugador 674;;;;;100;674
;;Jugador 675;;;;;100;675
;;Jugador 676;;;;;100;676
;;Jugador 677;;;;;100;677
;;Jugador 678;;;;;100;678
;;Jugador 679;;;;;100;679
;;Jugador 680;;;;;100;680
;;Jugador 681;;;;;100;681
;;Jugador 682;;;;;100;682
;;Jugador 683;;;;;100;683
;;Jugador 684;;;;;100;684
;;Jugador 685;;;;;100;685
;;Jugador 686;;;;;100;686
;;Jugador 687;;;;;100;687
;;Jugador 688;;;;;100;688
;;Jugador 689;;;;;100;689
;;Jugador 690;;;;;100;690
;;Jugador 691;;;;;100;691
;;Jugador 692;;;;;100;692
;;Jugador 693;;;;;100;693
;;Jugador 694;;;;;100;694
;;Jugador 695;;;;;100;695
;;Jugador 696;;;;;100;696
;;Jugador 697;;;;;100;697
;;Jugador 698;;;;;100;698
;;Jugador 699;;;;;100;699
;;Jugador 700;;;;;100;700
;;Jugador 701;;;;;100;701
;;Jugador 702;;;;;100;702
;;Jugador 703;;;;;100;703
;;Jugador 704;;;;;100;704
;;Jugador 705;;;;;100;705
;;Jugador 706;;;;;100;706
;;Jugador 707;;;;;100;707
;;Jugador 708;;;;;100;708
;;Jugador 709;;;;;100;709
;;Jugador 710;;;;;100;710
;;Jugador 711;;;;;100;711
;;Jugador 712;;;;;100;712
;;Jugador 713;;;;;100;713
;;Jugador 714;;;;;100;714
;;Jugador 715;;;;;100;715
;;Jugador 716;;;;;100;716
;;Jugador 717;;;;;100;717
;;Jugador 718;;;;;100;718
;;Jugador 719;;;;;100;719
;;Jugador 720;;;;;100;720
;;Jugador 721;;;;;100;721
;;Jugador 722;;;;;100;722
;;Jugador 723;;;;;100;723
;;Jugador 724;;;;;100;724
;;Jugador 725;;;;;100;725
;;Jugador 726;;;;;100;726
;;Jugador 727;;;;;100;727
;;Jugador 728;;;;;100;728
;;Jugador 729;;;;;100;729
;;Jugador 730;;;;;100;730
;;Jugador 731;;;;;100;731
;;Jugador 732;;;;;100;732
;;Jugador 733;;;;;100;733
;;Jugador 734;;;;;100;734
;;Jugador 735;;;;;100;735
;;Jugador 736;;;;;100;736
;;Jugador 737;;;;;100;737
;;Jugador 738;;;;;100;738
;;Jugador 739;;;;;100;739
;;Jugador 740;;;;;100;740
;;Jugador 741;;;;;100;741
;;Jugador 742;;;;;100;742
;;Jugador 743;;;;;100;743
;;Jugador 744;;;;;100;744
;;Jugador 745;;;;;100;745
;;Jugador 746;;;;;100;746
;;Jugador 747;;;;;100;747
;;Jugador 748;;;;;100;748
;;Jugador 749;;;;;100;749
;;Jugador 750;;;;;100;750
;;Jugador 751;;;;;100;751
;;Jugador 752;;;;;100;752
;;Jugador 753;;;;;100;753
;;Jugador 754;;;;;100;754
;;Jugador 755;;;;;100;755
;;Jugador 756;;;;;100;756
;;Jugador 757;;;;;100;757
;;Jugador 758;;;;;100;758
;;Jugador 759;;;;;100;759
;;Jugador 760;;;;;100;760
;;Jugador 761;;;;;100;761
;;Jugador 762;;;;;100;762
;;Jugador 763;;;;;100;763
;;Jugador 764;;;;;100;764
;;Jugador 765;;;;;100;765
;;Jugador 766;;;;;100;766
;;Jugador 767;;;;;100;767
;;Jugador 768;;;;;100;768
;;Jugador 769;;;;;100;769
;;Jugador 770;;;;;100;770
;;Jugador 771;;;;;100;771
;;Jugador 772;;;;;100;772
;;Jugador 773;;;;;100;773
;;Jugador 774;;;;;100;774
;;Jugador 775;;;;;100;775
;;Jugador 776;;;;;100;776
;;Jugador 777;;;;;100;777
;;Jugador 778;;;;;100;778
;;Jugador 779;;;;;100;779
;;Jugador 780;;;;;100;780
;;Jugador 781;;;;;100;781
;;Jugador 782;;;;;100;782
;;Jugador 783;;;;;100;783
;;Jugador 784;;;;;100;784
;;Jugador 785;;;;;100;785
;;Jugador 786;;;;;100;786
;;Jugador 787;;;;;100;787
;;Jugador 788;;;;;100;788
;;Jugador 789;;;;;100;789
;;Jugador 790;;;;;100;790
;;Jugador 791;;;;;100;791
;;Jugador 792;;;;;100;792
;;Jugador 793;;;;;100;793
;;Jugador 794;;;;;100;794
;;Jugador 795;;;;;100;795
;;Jugador 796;;;;;100;796
;;Jugador 797;;;;;100;797
;;Jugador 798;;;;;100;798
;;Jugador 799;;;;;100;799
;;Jugador 800;;;;;100;800
;;Jugador 801;;;;;100;801
;;Jugador 802;;;;;100;802
;;Jugador 803;;;;;100;803
;;Jugador 804;;;;;100;804
;;Jugador 805;;;;;100;805
;;Jugador 806;;;;;100;806
;;Jugador 807;;;;;100;807
;;Jugador 808;;;;;100;808
;;Jugador 809;;;;;100;809
;;Jugador 810;;;;;100;810
;;Jugador 811;;;;;100;811
;;Jugador 812;;;;;100;812
;;Jugador 813;;;;;100;813
;;Jugador 814;;;;;100;814
;;Jugador 815;;;;;100;815
;;Jugador 816;;;;;100;816
;;Jugador 817;;;;;100;817
;;Jugador 818;;;;;100;818
;;Jugador 819;;;;;100;819
;;Jugador 820;;;;;100;820
;;Jugador 821;;;;;100;821
;;Jugador 822;;;;;100;822
;;Jugador 823;;;;;100;823
;;Jugador 824;;;;;100;824
;;Jugador 825;;;;;100;825
;;Jugador 826;;;;;100;826
;;Jugador 827;;;;;100;827
;;Jugador 828;;;;;100;828
;;Jugador 829;;;;;100;829
;;Jugador 830;;;;;100;830
;;Jugador 831;;;;;100;831
;;Jugador 832;;;;;100;832
;;Jugador 833;;;;;100;833
;;Jugador 834;;;;;100;834
;;Jugador 835;;;;;100;835
;;Jugador 836;;;;;100;836
;;Jugador 837;;;;;100;837
;;Jugador 838;;;;;100;838
;;Jugador 839;;;;;100;839
;;Jugador 840;;;;;100;840
;;Jugador 841;;;;;100;841
;;Jugador 842;;;;;100;842
;;Jugador 843;;;;;100;843
;;Jugador 844;;;;;100;844
;;Jugador 845;;;;;100;845
;;Jugador 846;;;;;100;846
;;Jugador 847;;;;;100;847
;;Jugador 848;;;;;100;848
;;Jugador 849;;;;;100;849
;;Jugador 850;;;;;100;850
;;Jugador 851;;;;;100;851
;;Jugador 852;;;;;100;852
;;Jugador 853;;;;;100;853
;;Jugador 854;;;;;100;854
;;Jugador 855;;;;;100;855
;;Jugador 856;;;;;100;856
;;Jugador 857;;;;;100;857
;;Jugador 858;;;;;100;858
;;Jugador 859;;;;;100;859
;;Jugador 860;;;;;100;860
;;Jugador 861;;;;;100;861
;;Jugador 862;;;;;100;862
;;Jugador 863;;;;;100;863
;;Jugador 864;;;;;100;864
;;Jugador 865;;;;;100;865
;;Jugador 866;;;;;100;866
;;Jugador 867;;;;;100;867
;;Jugador 868;;;;;100;868
;;Jugador 869;;;;;100;869
;;Jugador 870;;;;;100;870
;;Jugador 871;;;;;100;871
;;Jugador 872;;;;;100;872
;;Jugador 873;;;;;100;873
;;Jugador 874;;;;;100;874
;;Jugador 875;;;;;100;875
;;Jugador 876;;;;;100;876
;;Jugador 877;;;;;100;877
;;Jugador 878;;;;;100;878
;;Jugador 879;;;;;100;879
;;Jugador 880;;;;;100;880
;;Jugador 881;;;;;100;881
;;Jugador 882;;;;;100;882
;;Jugador 883;;;;;100;883
;;Jugador 884;;;;;100;884
;;Jugador 885;;;;;100;885
;;Jugador 886;;;;;100;886
;;Jugador 887;;;;;100;887
;;Jugador 888;;;;;100;888
;;Jugador 889;;;;;100;889
;;Jugador 890;;;;;100;890
;;Jugador 891;;;;;100;891
;;Jugador 892;;;;;100;892
;;Jugador 893;;;;;100;893
;;Jugador 894;;;;;100;894
;;Jugador 895;;;;;100;895
;;Jugador 896;;;;;100;896
;;Jugador 897;;;;;100;897
;;Jugador 898;;;;;100;898
;;Jugador 899;;;;;100;899
;;Jugador 900;;;;;100;900
;;Jugador 901;;;;;100;901
;;Jugador 902;;;;;100;902
;;Jugador 903;;;;;100;903
;;Jugador 904;;;;;100;904
;;Jugador 905;;;;;100;905
;;Jugador 906;;;;;100;906
;;Jugador 907;;;;;100;907
;;Jugador 908;;;;;100;908
;;Jugador 909;;;;;100;909
;;Jugador 910;;;;;100;910
;;Jugador 911;;;;;100;911
;;Jugador 912;;;;;100;912
;;Jugador 913;;;;;100;913
;;Jugador 914;;;;;100;914
;;Jugador 915;;;;;100;915
;;Jugador 916;;;;;100;916
;;Jugador 917;;;;;100;917
;;Jugador 918;;;;;100;918
;;Jugador 919;;;;;100;919
;;Jugador 920;;;;;100;920
;;Jugador 921;;;;;100;921
;;Jugador 922;;;;;100;922
;;Jugador 923;;;;;100;923
;;Jugador 924;;;;;100;924
;;Jugador 925;;;;;100;925
;;Jugador 926;;;;;100;926
;;Jugador 927;;;;;100;927
;;Jugador 928;;;;;100;928
;;Jugador 929;;;;;100;929
;;Jugador 930;;;;;100;930
;;Jugador 931;;;;;100;931
;;Jugador 932;;;;;100;932
;;Jugador 933;;;;;100;933
;;Jugador 934;;;;;100;934
;;Jugador 935;;;;;100;935
;;Jugador 936;;;;;100;936
;;Jugador 937;;;;;100;937
;;Jugador 938;;;;;100;938
;;Jugador 939;;;;;100;939
;;Jugador 940;;;;;100;940
;;Jugador 941;;;;;100;941
;;Jugador 942;;;;;100;942
;;Jugador 943;;;;;100;943
;;Jugador 944;;;;;100;944
;;Jugador 945;;;;;100;945
;;Jugador 946;;;;;100;946
;;Jugador 947;;;;;100;947
;;Jugador 948;;;;;100;948
;;Jugador 949;;;;;100;949
;;Jugador 950;;;;;100;950
;;Jugador 951;;;;;100;951
;;Jugador 952;;;;;100;952
;;Jugador 953;;;;;100;953
;;Jugador 954;;;;;100;954
;;Jugador 955;;;;;100;955
;;Jugador 956;;;;;100;956
;;Jugador 957;;;;;100;957
;;Jugador 958;;;;;100;958
;;Jugador 959;;;;;100;959
;;Jugador 960;;;;;100;960
;;Jugador 961;;;;;100;961
;;Jugador 962;;;;;100;962
;;Jugador 963;;;;;100;963
;;Jugador 964;;;;;100;964
;;Jugador 965;;;;;100;965
;;Jugador 966;;;;;100;966
;;Jugador 967;;;;;100;967
;;Jugador 968;;;;;100;968
;;Jugador 969;;;;;100;969
;;Jugador 970;;;;;100;970
;;Jugador 971;;;;;100;971
;;Jugador 972;;;;;100;972
;;Jugador 973;;;;;100;973
;;Jugador 974;;;;;100;974
;;Jugador 975;;;;;100;975
;;Jugador 976;;;;;100;976
;;Jugador 977;;;;;100;977
;;Jugador 978;;;;;100;978
;;Jugador 979;;;;;100;979
;;Jugador 980;;;;;100;980
;;Jugador 981;;;;;100;981
;;Jugador 982;;;;;100;982
;;Jugador 983;;;;;100;983
;;Jugador 984;;;;;100;984
;;Jugador 985;;;;;100;985
;;Jugador 986;;;;;100;986
;;Jugador 987;;;;;100;987
;;Jugador 988;;;;;100;988
;;Jugador 989;;;;;100;989
;;Jugador 990;;;;;100;990
;;Jugador 991;;;;;100;991
;;Jugador 992;;;;;100;992
;;Jugador 993;;;;;100;993
;;Jugador 994;;;;;100;994
;;Jugador 995;;;;;100;995
;;Jugador 996;;;;;100;996
;;Jugador 997;;;;;100;997
;;Jugador 998;;;;;100;998
;;Jugador 999;;;;;100;999
